<?xml version="1.0" encoding="UTF-8"?>
<project-private xmlns="http://www.netbeans.org/ns/project-private/1">
    <editor-bookmarks xmlns="http://www.netbeans.org/ns/editor-bookmarks/2" lastBookmarkId="0"/>
    <open-files xmlns="http://www.netbeans.org/ns/projectui-open-files/2">
        <group>
            <file>file:/Users/maeldicomputer/Desktop/Netbeans%20TP/TP%20JEU%20SUPERSPUISSANCE4/CODE%20PROF/SuperPuissance4_modeGraphique/src/superpuissance4_console/fenetreDejeu.java</file>
            <file>file:/Users/maeldicomputer/Desktop/Netbeans%20TP/TP%20JEU%20SUPERSPUISSANCE4/CODE%20PROF/SuperPuissance4_modeGraphique/src/superpuissance4_console/Joueur.java</file>
        </group>
    </open-files>
</project-private>
